[ {
  "id" : "97011454236",
  "name" : "Jane",
  "surname" : "Doe",
  "middleName" : "",
  "gender" : "Unknown",
  "email" : ""
}, {
  "id" : "03270842691",
  "name" : "Artur",
  "surname" : "Pa",
  "middleName" : "",
  "gender" : "Female",
  "email" : ""
}, {
  "id" : "85081799184",
  "name" : "Jane",
  "surname" : "Doe",
  "middleName" : "",
  "gender" : "Male",
  "email" : ""
}, {
  "id" : "79082535339",
  "name" : "Xd",
  "surname" : "Dx",
  "middleName" : "",
  "gender" : "Unknown",
  "email" : ""
} ]